City_ID,City,Country,Date,Lat,Lng,Max Temp,Humidity,Cloudiness,Wind Speed
0,Yellowknife,CA,2021-04-06 21:16:03,62.456,-114.3525,19.0,73,90,17.27
1,Okhotsk,RU,2021-04-06 21:16:04,59.3833,143.3,3.9,85,90,9.19
2,Lavrentiya,RU,2021-04-06 21:16:04,65.5833,-171.0,1.78,84,9,3.94
3,Mataura,NZ,2021-04-06 21:14:28,-46.1927,168.8643,54.0,84,100,5.99
4,Yarmouth,US,2021-04-06 21:16:04,41.7057,-70.2286,53.6,54,75,8.05
5,Vaini,TO,2021-04-06 21:16:05,-21.2,-175.2,78.8,78,20,6.91
6,Castro,BR,2021-04-06 21:16:05,-24.7911,-50.0119,62.83,89,60,4.23
7,Bredasdorp,ZA,2021-04-06 21:16:05,-34.5322,20.0403,57.2,94,67,1.14
8,Bluff,NZ,2021-04-06 21:16:06,-46.6,168.3333,54.0,84,100,4.0
9,Saskylakh,RU,2021-04-06 21:16:06,71.9167,114.0833,7.74,95,100,7.34
10,Khatanga,RU,2021-04-06 21:16:06,71.9667,102.5,-10.07,100,99,7.0
11,Mount Gambier,AU,2021-04-06 21:16:07,-37.8333,140.7667,46.4,100,75,3.44
12,Raudeberg,NO,2021-04-06 21:16:07,61.9875,5.1352,37.0,90,91,23.78
13,Sao Joao Da Barra,BR,2021-04-06 21:16:07,-21.6403,-41.0511,77.0,69,0,9.22
14,Busselton,AU,2021-04-06 21:16:07,-33.65,115.3333,59.0,97,73,5.53
15,Georgetown,MY,2021-04-06 21:16:08,5.4112,100.3354,79.0,94,20,2.3
16,La Ronge,CA,2021-04-06 21:16:08,55.1001,-105.2842,50.0,37,65,6.91
17,Kapaa,US,2021-04-06 21:16:09,22.0752,-159.319,78.8,47,20,21.85
18,Atuona,PF,2021-04-06 21:15:54,-9.8,-139.0333,80.67,79,68,10.6
19,Menongue,AO,2021-04-06 21:16:09,-14.6585,17.691,64.6,61,60,3.29
20,Adrar,MR,2021-04-06 21:16:09,20.5022,-10.0711,83.35,14,3,7.4
21,Luderitz,NA,2021-04-06 21:16:10,-26.6481,15.1594,61.48,86,1,13.15
22,Anadyr,RU,2021-04-06 21:16:10,64.75,177.4833,-9.0,77,0,6.71
23,Cowra,AU,2021-04-06 21:11:16,-33.8333,148.6833,55.99,90,8,1.01
24,Caravelas,BR,2021-04-06 21:16:10,-17.7125,-39.2481,75.7,69,2,5.3
25,Naryan-Mar,RU,2021-04-06 21:16:11,67.6713,53.087,33.33,84,44,16.75
26,Jiuquan,CN,2021-04-06 21:16:11,39.7432,98.5174,44.01,49,0,3.29
27,Cape Canaveral,US,2021-04-06 21:16:11,28.4058,-80.6048,77.0,38,1,9.22
28,Roald,NO,2021-04-06 21:16:12,62.5833,6.1333,39.2,75,75,16.11
29,Hermanus,ZA,2021-04-06 21:13:22,-34.4187,19.2345,59.0,90,30,1.01
30,Nome,US,2021-04-06 21:16:12,64.5011,-165.4064,12.2,52,1,7.23
31,Gladstone,AU,2021-04-06 21:16:13,-23.85,151.25,73.4,78,24,1.14
32,North Bend,US,2021-04-06 21:16:13,43.4065,-124.2243,63.0,66,1,20.71
33,Hirara,JP,2021-04-06 21:16:14,24.8,125.2833,68.74,66,0,24.14
34,Trincomalee,LK,2021-04-06 21:16:14,8.5711,81.2335,80.47,73,87,6.29
35,Longyearbyen,SJ,2021-04-06 21:15:18,78.2186,15.6401,10.4,48,20,12.66
36,Leningradskiy,RU,2021-04-06 21:16:14,69.3833,178.4167,-8.01,91,65,6.08
37,Alihe,CN,2021-04-06 21:16:15,50.5667,123.7167,19.9,44,0,9.71
38,Novikovo,RU,2021-04-06 21:16:15,51.1537,37.8879,42.24,74,49,7.7
39,Severo-Kurilsk,RU,2021-04-06 21:16:15,50.6789,156.125,26.55,73,18,16.06
40,Lebu,CL,2021-04-06 21:16:16,-37.6167,-73.65,58.55,87,100,8.28
41,Port Shepstone,ZA,2021-04-06 21:14:39,-30.7414,30.455,70.0,92,100,13.67
42,Ushuaia,AR,2021-04-06 21:16:16,-54.8,-68.3,51.8,62,75,6.91
43,Butaritari,KI,2021-04-06 21:16:16,3.0707,172.7902,80.11,76,100,4.29
44,Hilo,US,2021-04-06 21:16:17,19.7297,-155.09,69.8,83,90,10.36
45,Rikitea,PF,2021-04-06 21:16:17,-23.1203,-134.9692,76.86,72,9,10.04
46,Sigli,ID,2021-04-06 21:16:18,5.3848,95.9609,77.97,83,93,4.25
47,Port Hardy,CA,2021-04-06 21:16:18,50.6996,-127.4199,48.2,71,75,10.36
48,Tianpeng,CN,2021-04-06 21:16:18,30.9866,103.9393,57.0,1,100,4.05
49,Iqaluit,CA,2021-04-06 21:16:19,63.7506,-68.5145,14.0,92,90,5.75
50,Nantucket,US,2021-04-06 21:12:45,41.2835,-70.0995,44.01,85,95,13.62
51,Vila Franca Do Campo,PT,2021-04-06 21:16:19,37.7167,-25.4333,59.0,94,40,4.61
52,Sorland,NO,2021-04-06 21:16:19,67.667,12.6934,35.6,69,75,29.93
53,Thompson,CA,2021-04-06 21:16:20,55.7435,-97.8558,39.2,56,20,2.3
54,Tuktoyaktuk,CA,2021-04-06 21:16:20,69.4541,-133.0374,-9.4,77,75,11.5
55,Port Lincoln,AU,2021-04-06 21:16:20,-34.7333,135.8667,62.76,82,0,7.87
56,Cape Town,ZA,2021-04-06 21:16:21,-33.9258,18.4232,64.0,88,0,11.5
57,Say,NE,2021-04-06 21:16:21,13.1007,2.3689,91.4,8,100,2.3
58,Kalanguy,RU,2021-04-06 21:16:21,51.0167,116.5167,23.49,62,16,1.86
59,Hobart,AU,2021-04-06 21:15:45,-42.8794,147.3294,53.6,87,20,5.75
60,Fort Nelson,CA,2021-04-06 21:16:22,58.8053,-122.7002,28.4,74,90,9.22
61,Tasiilaq,GL,2021-04-06 21:16:22,65.6145,-37.6368,21.2,93,100,20.71
62,Nerl,RU,2021-04-06 21:16:22,56.6628,40.3893,34.74,90,100,6.29
63,Tiksi,RU,2021-04-06 21:16:23,71.6872,128.8694,-13.2,99,44,6.24
64,Vao,NC,2021-04-06 21:16:23,-22.6667,167.4833,75.61,65,90,15.41
65,Alofi,NU,2021-04-06 21:16:24,-19.0595,-169.9187,82.4,78,40,5.75
66,Punta Arenas,CL,2021-04-06 21:16:24,-53.15,-70.9167,48.2,87,90,12.66
67,Cabo San Lucas,MX,2021-04-06 21:16:24,22.8909,-109.9124,80.6,60,1,4.61
68,Teya,RU,2021-04-06 21:16:25,60.3778,92.6267,33.51,86,100,9.1
69,Bethel,US,2021-04-06 21:16:25,41.3712,-73.414,66.2,22,1,14.97
70,Mabaruma,GY,2021-04-06 21:16:25,8.2,-59.7833,77.22,93,100,4.99
71,Sobolevo,RU,2021-04-06 21:16:26,54.4299,31.8996,34.88,70,100,3.85
72,Ust-Kuyga,RU,2021-04-06 21:16:26,70.0167,135.6,-21.96,99,95,4.0
73,Nadym,RU,2021-04-06 21:16:26,65.5333,72.5167,29.89,95,100,16.28
74,Victoria,HK,2021-04-06 21:16:27,22.2855,114.1577,73.0,81,87,1.01
75,Te Anau,NZ,2021-04-06 21:16:27,-45.4167,167.7167,49.1,85,27,0.78
76,New Norfolk,AU,2021-04-06 21:16:27,-42.7826,147.0587,52.0,81,56,2.37
77,Tecoanapa,MX,2021-04-06 21:16:28,16.5167,-98.75,86.5,45,100,10.13
78,Grindavik,IS,2021-04-06 21:13:56,63.8424,-22.4338,24.8,68,0,4.61
79,Albany,US,2021-04-06 21:16:28,42.6001,-73.9662,66.0,14,5,1.99
80,Arraial Do Cabo,BR,2021-04-06 21:16:28,-22.9661,-42.0278,77.0,69,20,10.36
81,Puerto Ayora,EC,2021-04-06 21:16:29,-0.7393,-90.3518,80.6,83,20,9.22
82,Saint-Philippe,RE,2021-04-06 21:16:29,-21.3585,55.7679,78.8,69,0,5.75
83,Cotonou,BJ,2021-04-06 21:16:29,6.3654,2.4183,84.2,84,40,11.5
84,Souillac,MU,2021-04-06 21:16:30,-20.5167,57.5167,77.0,94,40,6.91
85,Cayenne,GF,2021-04-06 21:16:30,4.9333,-52.3333,81.0,94,75,3.44
86,Saldanha,ZA,2021-04-06 21:16:30,-33.0117,17.9442,64.4,52,4,4.61
87,Eenhana,NA,2021-04-06 21:16:31,-17.4667,16.3333,69.8,83,87,2.3
88,Tigil,RU,2021-04-06 21:16:31,57.8,158.6667,14.54,89,84,6.46
89,Iracoubo,GF,2021-04-06 21:16:31,5.4802,-53.2011,79.41,82,85,10.78
90,Dikson,RU,2021-04-06 21:16:32,73.5069,80.5464,-6.41,100,92,5.93
91,Sinnai,IT,2021-04-06 21:16:32,39.3042,9.2036,55.0,71,0,5.75
92,Hasaki,JP,2021-04-06 21:16:33,35.7333,140.8333,43.0,93,40,4.61
93,Mogadishu,SO,2021-04-06 21:16:33,2.0371,45.3438,82.31,72,10,14.74
94,Acandi,CO,2021-04-06 21:16:08,8.5063,-77.2778,80.85,85,100,5.86
95,Canar,EC,2021-04-06 21:16:33,-2.55,-78.9333,71.6,46,75,10.36
96,Magadan,RU,2021-04-06 21:16:34,59.5667,150.8,12.63,94,77,4.99
97,Kavieng,PG,2021-04-06 21:14:29,-2.5744,150.7967,79.92,82,100,10.8
98,Carnarvon,AU,2021-04-06 21:16:34,-24.8667,113.6333,75.2,83,88,13.8
99,Tolaga Bay,NZ,2021-04-06 21:16:34,-38.3667,178.3,63.86,75,15,7.49
100,Santa Cruz Del Sur,CU,2021-04-06 21:16:35,20.7147,-77.9956,82.92,51,62,5.91
101,Barra Do Garcas,BR,2021-04-06 21:16:35,-15.89,-52.2567,82.4,74,20,4.88
102,Torbay,CA,2021-04-06 21:16:35,47.6666,-52.7314,39.0,100,90,11.5
103,Hay River,CA,2021-04-06 21:14:25,60.8156,-115.7999,17.6,79,100,9.22
104,Salisbury,GB,2021-04-06 21:16:36,51.0693,-1.7957,35.01,80,75,6.91
105,Matagami,CA,2021-04-06 21:16:36,49.7502,-77.6328,51.8,19,1,9.22
106,Qaanaaq,GL,2021-04-06 21:16:36,77.484,-69.3632,1.98,84,100,1.66
107,Maniitsoq,GL,2021-04-06 21:16:37,65.4167,-52.9,23.47,81,19,4.56
108,Esperance,AU,2021-04-06 21:16:37,-33.8667,121.9,64.4,100,90,3.44
109,Port Alfred,ZA,2021-04-06 21:16:37,-33.5906,26.891,65.77,83,31,17.98
110,Norman Wells,CA,2021-04-06 21:16:38,65.282,-126.8329,6.8,51,75,2.3
111,Oranjemund,NA,2021-04-06 21:16:38,-28.55,16.4333,59.38,94,4,2.91
112,East London,ZA,2021-04-06 21:16:38,-33.0153,27.9116,66.34,81,69,16.55
113,Tautira,PF,2021-04-06 21:16:38,-17.7333,-149.15,86.0,54,20,8.05
114,Kodiak,US,2021-04-06 21:16:39,57.79,-152.4072,37.4,48,1,12.66
115,Faya,SA,2021-04-06 21:16:39,18.3851,42.4509,68.0,42,13,6.91
116,Airai,TL,2021-04-06 21:16:39,-8.9266,125.4092,59.77,85,78,0.98
117,Madingou,CG,2021-04-06 21:16:40,-4.1536,13.55,73.78,92,100,0.11
118,Belaya Gora,RU,2021-04-06 21:16:40,68.5333,146.4167,-11.87,97,100,1.5
119,Sao Filipe,CV,2021-04-06 21:16:40,14.8961,-24.4956,76.66,61,0,7.4
120,Hithadhoo,MV,2021-04-06 21:11:48,-0.6,73.0833,83.32,61,97,10.42
121,Henties Bay,NA,2021-04-06 21:16:41,-22.116,14.2845,64.49,79,0,10.04
122,Bad Freienwalde,DE,2021-04-06 21:16:41,52.7873,14.0304,35.01,74,84,11.36
123,Svetlogorsk,BY,2021-04-06 21:16:41,52.6333,29.7333,34.59,93,100,1.19
124,Mar Del Plata,AR,2021-04-06 21:15:14,-38.0023,-57.5575,71.6,88,40,14.97
125,Mehamn,NO,2021-04-06 21:16:42,71.0357,27.8492,33.8,69,75,20.71
126,Payo,ID,2021-04-06 21:16:42,-3.7508,103.6372,71.13,85,95,1.92
127,Ubatuba,BR,2021-04-06 21:16:06,-23.4339,-45.0711,75.2,73,75,3.44
128,Sechura,PE,2021-04-06 21:16:43,-5.5569,-80.8222,82.13,58,100,11.27
129,Port Hedland,AU,2021-04-06 21:16:43,-20.3167,118.5667,71.6,68,7,8.05
130,Fort Frances,CA,2021-04-06 21:13:54,48.5999,-93.4003,57.99,28,1,9.22
131,Matara,LK,2021-04-06 21:16:44,5.9485,80.5353,75.78,89,23,5.88
132,Haysville,US,2021-04-06 21:16:44,37.5645,-97.3523,73.0,64,90,31.07
133,Tual,ID,2021-04-06 21:16:45,-5.6667,132.75,83.71,71,98,5.26
134,Turukhansk,RU,2021-04-06 21:16:45,65.8167,87.9833,32.86,98,100,10.98
135,Voyvozh,RU,2021-04-06 21:16:45,62.892,54.9635,34.23,80,100,8.72
136,Mwinilunga,ZM,2021-04-06 21:16:46,-11.7358,24.4293,66.36,72,100,4.83
137,Pachperwa,IN,2021-04-06 21:16:46,27.5167,82.65,76.1,15,5,4.38
138,Avarua,CK,2021-04-06 21:16:46,-21.2078,-159.775,82.4,69,75,13.8
139,Mahibadhoo,MV,2021-04-06 21:16:47,3.7833,72.9667,83.12,62,100,4.21
140,Port Macquarie,AU,2021-04-06 21:16:47,-31.4333,152.9167,66.2,100,63,5.75
141,Kichera,RU,2021-04-06 21:16:47,55.9375,110.0997,20.07,90,63,2.91
142,Tazovskiy,RU,2021-04-06 21:16:48,67.4667,78.7,28.99,94,100,13.8
143,Saint George,US,2021-04-06 21:16:48,37.1041,-113.5841,73.0,8,1,3.44
144,Kovdor,RU,2021-04-06 21:16:48,67.5662,30.4758,26.2,91,76,7.38
145,Ribeira Grande,PT,2021-04-06 21:16:49,38.5167,-28.7,62.6,77,20,4.61
146,Shieli,KZ,2021-04-06 21:16:49,44.1667,66.75,54.25,53,1,7.14
147,La Palma,US,2021-04-06 21:16:49,33.8464,-118.0467,71.6,60,75,10.36
148,Sainthia,IN,2021-04-06 21:16:50,23.95,87.6667,77.0,64,0,11.16
149,Saint-Augustin,CA,2021-04-06 21:16:50,51.226,-58.6502,39.78,99,100,15.66
150,Rawson,AR,2021-04-06 21:16:50,-43.3002,-65.1023,66.74,86,100,10.25
151,Irbit,RU,2021-04-06 21:16:50,57.6705,63.071,28.35,94,29,3.8
152,Chumikan,RU,2021-04-06 21:16:51,54.7183,135.315,20.55,94,100,10.96
153,Kavaratti,IN,2021-04-06 21:16:51,10.5669,72.642,82.89,76,32,9.17
154,Salinopolis,BR,2021-04-06 21:16:51,-0.6136,-47.3561,80.8,82,79,9.89
155,Gotsu,JP,2021-04-06 21:16:52,35.0,132.2167,47.05,70,28,5.88
156,Camacha,PT,2021-04-06 21:16:52,33.0833,-16.3333,62.6,77,20,9.22
157,Havre-Saint-Pierre,CA,2021-04-06 21:16:52,50.2334,-63.5986,50.0,71,90,19.57
158,Broome,US,2021-04-06 21:16:53,42.2506,-75.833,59.0,10,1,13.8
159,Upernavik,GL,2021-04-06 21:16:53,72.7868,-56.1549,8.38,92,100,16.6
160,Bud,US,2021-04-06 21:16:53,39.447,-86.1758,78.01,41,40,12.66
161,Narsaq,GL,2021-04-06 21:16:54,60.9167,-46.05,35.6,87,75,2.3
162,Borogontsy,RU,2021-04-06 21:16:54,62.6683,131.1683,-21.53,100,90,1.63
163,Provideniya,RU,2021-04-06 21:16:54,64.3833,-173.3,5.0,66,0,6.71
164,La Libertad,EC,2021-04-06 21:16:55,-2.2333,-80.9,80.6,74,0,13.8
165,Reconquista,AR,2021-04-06 21:16:55,-29.15,-59.65,74.8,74,78,9.51
166,Namibe,AO,2021-04-06 21:16:55,-15.1961,12.1522,77.74,79,96,2.15
167,Bunia,CD,2021-04-06 21:16:56,1.5667,30.25,65.86,87,100,1.07
168,Chandbali,IN,2021-04-06 21:16:56,20.7833,86.7667,76.14,87,0,7.36
169,Faranah,GN,2021-04-06 21:16:56,10.0404,-10.7434,82.85,53,100,7.81
170,Ushumun,RU,2021-04-06 21:16:57,52.7833,126.5333,8.87,72,47,15.3
171,Kruisfontein,ZA,2021-04-06 21:16:57,-34.0033,24.7314,57.99,94,43,5.08
172,Roanoke Rapids,US,2021-04-06 21:16:57,36.4615,-77.6542,81.0,36,1,9.22
173,Quelimane,MZ,2021-04-06 21:16:58,-17.8786,36.8883,77.0,78,40,3.44
174,Passo Fundo,BR,2021-04-06 21:14:33,-28.2628,-52.4067,70.21,62,5,5.5
175,Mahebourg,MU,2021-04-06 21:16:58,-20.4081,57.7,77.0,94,40,6.91
176,Tanout,NE,2021-04-06 21:16:58,14.9709,8.8879,85.86,9,94,8.7
177,Katsuura,JP,2021-04-06 21:14:27,35.1333,140.3,50.0,71,40,8.05
178,Khandyga,RU,2021-04-06 21:16:59,62.6667,135.6,-26.16,100,74,1.52
179,Lerwick,GB,2021-04-06 21:16:59,60.1545,-1.1494,35.6,80,90,23.02
180,Bilibino,RU,2021-04-06 21:17:00,68.0546,166.4372,-9.47,97,82,1.83
181,Wajir,KE,2021-04-06 21:17:00,1.7471,40.0573,83.43,59,61,14.29
182,Ponta Delgada,PT,2021-04-06 21:17:00,37.7333,-25.6667,59.0,94,40,4.61
183,Neiafu,TO,2021-04-06 21:17:01,-18.65,-173.9833,80.6,69,20,5.75
184,Bara,NG,2021-04-06 21:17:01,10.3744,10.7288,85.75,14,91,3.49
185,Bambous Virieux,MU,2021-04-06 21:17:01,-20.3428,57.7575,77.0,94,40,6.91
186,Lompoc,US,2021-04-06 21:12:15,34.6391,-120.4579,61.0,67,92,19.57
187,Sibolga,ID,2021-04-06 21:17:02,1.7427,98.7792,75.52,88,54,3.27
188,Paracuru,BR,2021-04-06 21:12:08,-3.41,-39.0306,82.99,71,100,13.0
189,Namatanai,PG,2021-04-06 21:17:02,-3.6667,152.4333,79.79,83,100,4.94
190,Flagstaff,US,2021-04-06 21:14:50,35.1981,-111.6513,64.99,6,1,8.05
191,Vardo,NO,2021-04-06 21:17:03,70.3705,31.1107,33.8,69,75,21.85
192,Plouzane,FR,2021-04-06 21:17:03,48.3833,-4.6167,42.8,56,75,10.36
193,Mtsensk,RU,2021-04-06 21:17:03,53.2766,36.5733,42.94,77,100,9.06
194,Ilulissat,GL,2021-04-06 21:17:04,69.2167,-51.1,19.4,86,75,9.22
195,Beeskow,DE,2021-04-06 21:17:04,52.1667,14.25,33.01,81,98,3.0
196,Tuatapere,NZ,2021-04-06 21:17:04,-46.1333,167.6833,54.0,84,98,4.0
197,Baykit,RU,2021-04-06 21:17:04,61.67,96.37,36.59,98,100,4.56
198,Robertsport,LR,2021-04-06 21:17:05,6.7533,-11.3686,79.21,85,71,3.87
199,Abu Samrah,SY,2021-04-06 21:17:05,35.3029,37.1841,67.93,23,15,10.38
200,Ginir,ET,2021-04-06 21:17:05,7.1333,40.7,59.58,78,27,5.28
201,Portland,US,2021-04-06 21:12:16,45.5234,-122.6762,62.01,38,1,8.05
202,Marovoay,MG,2021-04-06 21:17:06,-16.1,46.6333,78.8,89,20,2.3
203,Hami,CN,2021-04-06 21:17:06,42.8,93.45,56.34,25,41,4.18
204,Khandbari,NP,2021-04-06 21:17:07,27.3747,87.2039,64.58,31,0,5.01
205,Hofn,IS,2021-04-06 21:17:07,64.2539,-15.2082,23.63,53,100,0.4
206,Minab,IR,2021-04-06 21:17:07,27.1467,57.0801,71.6,78,0,6.91
207,Floro,NO,2021-04-06 21:17:08,61.5996,5.0328,39.2,75,40,9.22
208,Jamestown,US,2021-04-06 21:12:31,42.097,-79.2353,72.0,42,75,4.61
209,Noumea,NC,2021-04-06 21:17:08,-22.2763,166.4572,79.0,83,90,8.37
210,Port Elizabeth,ZA,2021-04-06 21:12:24,-33.918,25.5701,57.99,93,36,1.01
211,Vestmannaeyjar,IS,2021-04-06 21:17:08,63.4427,-20.2734,31.23,51,76,4.41
212,Bamiantong,CN,2021-04-06 21:17:09,44.9333,130.5333,28.89,31,67,11.25
213,Tromso,NO,2021-04-06 21:17:09,69.6496,18.957,32.0,93,90,27.63
214,Atar,MR,2021-04-06 21:16:05,20.5169,-13.0499,85.73,17,11,9.4
215,Pevek,RU,2021-04-06 21:17:09,69.7008,170.3133,-17.97,99,100,6.44
216,Bilgi,IN,2021-04-06 21:17:10,16.35,75.6167,83.68,29,11,2.3
217,Rocha,UY,2021-04-06 21:14:29,-34.4833,-54.3333,69.85,82,34,9.86
218,Pilar,BR,2021-04-06 21:17:10,-9.5972,-35.9567,77.0,83,40,6.91
219,Nikolskoye,RU,2021-04-06 21:17:11,59.7035,30.7861,36.0,80,0,8.95
220,Owase,JP,2021-04-06 21:17:11,34.0667,136.2,49.71,88,55,5.12
221,Antas,PT,2021-04-06 21:17:11,41.7364,-8.3089,57.0,70,39,7.0
222,Port Blair,IN,2021-04-06 21:17:12,11.6667,92.75,80.08,77,81,4.07
223,Cherskiy,RU,2021-04-06 21:17:12,68.75,161.3,-15.59,95,26,1.43
224,Wajima,JP,2021-04-06 21:17:12,37.4,136.9,47.98,68,67,6.02
225,Seybaplaya,MX,2021-04-06 21:17:13,19.65,-90.6667,93.2,31,75,11.5
226,Osakarovka,KZ,2021-04-06 21:17:13,50.565,72.5692,31.75,98,100,4.7
227,Talnakh,RU,2021-04-06 21:17:13,69.4865,88.3972,25.7,97,100,2.8
228,Trelew,AR,2021-04-06 21:17:14,-43.249,-65.3051,69.28,80,100,8.93
229,Parana,AR,2021-04-06 21:17:14,-31.732,-60.5238,84.99,57,15,3.0
230,Mumford,GH,2021-04-06 21:17:14,5.2618,-0.759,80.78,86,10,7.2
231,Omboue,GA,2021-04-06 21:17:15,-1.5746,9.2618,77.79,91,100,4.65
232,Dingle,PH,2021-04-06 21:17:15,10.9995,122.6711,74.26,90,91,6.8
233,Iquique,CL,2021-04-06 21:13:34,-20.2208,-70.1431,69.8,73,75,19.57
234,Galveston,US,2021-04-06 21:17:15,29.3669,-94.9669,77.0,78,40,16.11
235,Baracoa,CU,2021-04-06 21:15:04,20.3467,-74.4958,74.1,84,100,9.86
236,Baiyin,CN,2021-04-06 21:17:16,36.5583,104.2081,50.0,75,0,2.24
237,Ponta Do Sol,PT,2021-04-06 21:17:16,32.6667,-17.1,61.0,68,13,5.01
238,Port Augusta,AU,2021-04-06 21:17:16,-32.5,137.7667,53.6,94,0,3.44
239,Santa Maria,BR,2021-04-06 21:16:07,-29.6842,-53.8069,86.0,45,0,8.05
240,Salalah,OM,2021-04-06 21:17:17,17.0151,54.0924,80.6,74,0,2.3
241,Roma,US,2021-04-06 21:17:17,43.2128,-75.4557,61.0,18,1,12.66
242,Xucheng,CN,2021-04-06 21:17:17,20.35,110.1288,73.4,94,20,4.47
243,Talara,PE,2021-04-06 21:17:18,-4.5772,-81.2719,82.4,61,0,6.91
244,Tawau,MY,2021-04-06 21:13:27,4.2498,117.8871,75.2,100,20,1.14
245,Klaksvik,FO,2021-04-06 21:17:18,62.2266,-6.589,28.4,69,75,18.41
246,Barrow,US,2021-04-06 21:17:19,71.2906,-156.7887,-5.8,77,1,11.5
247,Balad,IQ,2021-04-06 21:17:19,34.0164,44.1453,71.47,28,1,8.52
248,Deputatskiy,RU,2021-04-06 21:17:19,69.3,139.9,-18.04,99,94,3.62
249,Itarema,BR,2021-04-06 21:17:20,-2.9248,-39.9167,80.78,76,100,13.22
250,Bengkulu,ID,2021-04-06 21:17:20,-3.8004,102.2655,74.1,87,99,4.74
251,Yatou,CN,2021-04-06 21:17:20,37.15,122.3833,47.93,43,51,3.91
252,Sao Miguel Do Araguaia,BR,2021-04-06 21:17:21,-13.275,-50.1628,79.18,77,98,3.87
253,De-Kastri,RU,2021-04-06 21:17:21,51.4667,140.7833,25.59,99,72,2.1
254,Yukhnov,RU,2021-04-06 21:17:21,54.7444,35.2297,34.7,99,100,2.8
255,Tias,ES,2021-04-06 21:16:24,28.9611,-13.645,64.4,68,20,9.22
256,Necochea,AR,2021-04-06 21:17:22,-38.5473,-58.7368,79.0,60,9,10.0
257,Hun,LY,2021-04-06 21:17:22,29.1268,15.9477,66.83,41,0,9.15
258,Hobyo,SO,2021-04-06 21:17:22,5.3505,48.5268,81.39,54,20,13.87
259,Bakchar,RU,2021-04-06 21:17:23,57.0186,82.0711,32.14,89,100,11.41
260,Adamas,GR,2021-04-06 21:17:23,36.7333,24.4333,60.8,72,0,8.05
261,Dauphin,CA,2021-04-06 21:17:23,51.1494,-100.0502,59.0,29,1,6.91
262,Dunedin,NZ,2021-04-06 21:17:24,-45.8742,170.5036,57.0,68,58,7.0
263,Eirunepe,BR,2021-04-06 21:17:24,-6.6603,-69.8736,82.54,73,100,2.39
264,Greystones,IE,2021-04-06 21:17:24,53.1408,-6.0631,39.99,87,95,12.26
265,Yerbogachen,RU,2021-04-06 21:17:25,61.2767,108.0108,33.4,93,100,5.64
266,Barry,GB,2021-04-06 21:15:20,51.4067,-3.2694,34.0,86,49,11.5
267,Faanui,PF,2021-04-06 21:17:25,-16.4833,-151.75,80.65,62,64,12.08
268,Kalmunai,LK,2021-04-06 21:17:26,7.4167,81.8167,77.2,81,41,1.12
269,Asau,RO,2021-04-06 21:17:26,46.4333,26.4,41.0,52,100,0.4
270,Chokurdakh,RU,2021-04-06 21:17:26,70.6333,147.9167,-21.17,92,98,1.79
271,Stornoway,GB,2021-04-06 21:17:26,58.2093,-6.3865,33.01,93,75,11.5
272,Houma,US,2021-04-06 21:14:55,29.5958,-90.7195,81.0,69,40,14.32
273,Puerto Leguizamo,CO,2021-04-06 21:17:27,-0.1934,-74.7819,81.46,71,94,1.77
274,Oxapampa,PE,2021-04-06 21:17:27,-10.5775,-75.4017,65.79,83,100,1.25
275,Nurota,UZ,2021-04-06 21:17:28,40.5614,65.6886,50.0,71,1,9.22
276,Cidreira,BR,2021-04-06 21:17:28,-30.1811,-50.2056,73.78,81,0,13.42
277,Skibbereen,IE,2021-04-06 21:17:28,51.55,-9.2667,39.2,60,20,6.91
278,Mildura,AU,2021-04-06 21:17:28,-34.2,142.15,50.0,76,0,4.61
279,Paamiut,GL,2021-04-06 21:17:29,61.994,-49.6678,32.31,99,100,2.39
280,Strezhevoy,RU,2021-04-06 21:14:18,60.7333,77.5889,32.0,100,90,11.18
281,Braganca Paulista,BR,2021-04-06 21:17:29,-22.94,-46.5556,71.6,94,75,3.44
282,Gorin,RU,2021-04-06 21:17:29,51.1983,136.6669,23.04,93,100,5.79
283,Coihaique,CL,2021-04-06 21:17:30,-45.5752,-72.0662,59.0,63,75,5.75
284,Izmaylovo,RU,2021-04-06 21:17:30,53.7211,47.2458,32.18,97,100,8.28
285,Palizada,MX,2021-04-06 21:17:30,18.25,-92.0833,87.8,45,90,10.36
286,Lazurne,UA,2021-04-06 21:17:31,46.084,32.5295,48.0,100,100,8.95
287,Pathein,MM,2021-04-06 21:17:31,16.7833,94.7333,75.6,90,7,4.29
288,Piacabucu,BR,2021-04-06 21:17:31,-10.4056,-36.4344,78.49,73,36,8.1
289,Doclin,RO,2021-04-06 21:17:32,45.2969,21.6539,36.0,87,90,9.22
290,Bafoulabe,ML,2021-04-06 21:17:32,13.8065,-10.8321,96.21,8,0,3.4
291,Pafos,CY,2021-04-06 21:17:32,34.7667,32.4167,59.0,51,0,3.44
292,Saint-Joseph,RE,2021-04-06 21:17:33,-21.3667,55.6167,78.8,69,0,5.75
293,Traverse City,US,2021-04-06 21:16:44,44.7631,-85.6206,68.0,49,20,9.22
294,Laguna,US,2021-04-06 21:16:38,38.421,-121.4238,75.99,40,1,8.05
295,Veraval,IN,2021-04-06 21:17:33,20.9,70.3667,78.22,75,0,11.34
296,Dzhebariki-Khaya,RU,2021-04-06 21:17:34,62.2167,135.8,-14.13,98,100,2.53
297,Touros,BR,2021-04-06 21:17:34,-5.1989,-35.4608,80.6,74,0,9.22
298,Marzuq,YE,2021-04-06 21:17:34,14.4,46.4667,68.63,42,8,4.12
299,Kiruna,SE,2021-04-06 21:17:35,67.8557,20.2251,30.2,74,90,23.02
300,Svetlaya,RU,2021-04-06 21:17:35,46.5389,138.3297,36.01,75,100,6.26
301,Kosonsoy,UZ,2021-04-06 21:17:35,41.2561,71.5508,50.0,62,0,5.64
302,Fastovetskaya,RU,2021-04-06 21:17:36,45.9189,40.1589,47.8,69,83,10.87
303,Darhan,MN,2021-04-06 21:17:36,49.4867,105.9228,40.26,56,43,1.36
304,Sabang,ID,2021-04-06 21:17:36,5.8933,95.3214,81.41,74,100,11.07
305,Jorpeland,NO,2021-04-06 21:17:37,59.0225,6.0408,36.0,93,20,6.91
306,Carupano,VE,2021-04-06 21:17:37,10.6678,-63.2585,81.99,72,93,13.8
307,Hamilton,US,2021-04-06 21:17:32,39.1834,-84.5333,77.0,41,40,11.5
308,Alice Springs,AU,2021-04-06 21:17:37,-23.7,133.8833,59.0,77,7,5.75
309,Long Beach,US,2021-04-06 21:15:26,33.767,-118.1892,69.01,63,1,10.36
310,West Wendover,US,2021-04-06 21:17:38,40.7391,-114.0733,55.4,21,1,12.66
311,Martapura,ID,2021-04-06 21:17:38,-3.4167,114.85,75.24,96,96,1.45
312,Gat,IL,2021-04-06 21:15:04,31.61,34.7642,73.0,32,75,1.01
313,Barcelos,PT,2021-04-06 21:15:46,41.5388,-8.6151,57.0,100,0,3.11
314,San Pedro,PH,2021-04-06 21:16:30,14.35,121.0167,82.0,73,20,8.43
315,Urucurituba,BR,2021-04-06 21:17:39,-2.6833,-57.6667,81.3,83,98,2.17
316,San Patricio,US,2021-04-06 21:17:39,28.017,-97.5169,82.0,69,75,28.77
317,Isangel,VU,2021-04-06 21:17:40,-19.55,169.2667,80.6,78,20,11.5
318,Sale,MA,2021-04-06 21:17:40,34.0389,-6.8166,62.01,94,75,5.75
319,Tokur,RU,2021-04-06 21:17:40,53.1333,132.9,9.52,95,100,4.94
320,Mitsamiouli,KM,2021-04-06 21:17:41,-11.3847,43.2844,81.95,71,100,12.59
321,Ovsyanka,RU,2021-04-06 21:17:41,55.9575,92.5519,39.2,81,40,8.95
322,Shu,KZ,2021-04-06 21:17:41,43.5983,73.7614,44.2,75,4,5.99
323,Akyab,MM,2021-04-06 21:17:41,20.15,92.9,77.56,78,0,2.86
324,Zhigansk,RU,2021-04-06 21:17:42,66.7697,123.3711,-12.48,99,95,9.91
325,Gumdag,TM,2021-04-06 21:17:42,39.2061,54.5906,56.59,60,3,13.56
326,Codrington,AU,2021-04-06 21:17:43,-38.2667,141.9667,50.81,93,19,6.33
327,Komsomolskiy,UZ,2021-04-06 21:17:43,40.4272,71.7189,50.0,62,92,0.76
328,Manadhoo,MV,2021-04-06 21:17:43,5.7667,73.3833,82.9,70,49,7.99
329,Aquiraz,BR,2021-04-06 21:17:44,-3.9014,-38.3911,82.99,83,0,10.36
330,Ha Tinh,VN,2021-04-06 21:17:44,18.3333,105.9,71.65,92,20,1.41
331,Mahajanga,MG,2021-04-06 21:17:44,-15.7167,46.3167,78.8,89,20,2.3
332,Montemorelos,MX,2021-04-06 21:17:45,25.2,-99.8167,87.01,55,51,3.0
333,San Policarpo,PH,2021-04-06 21:17:45,12.1791,125.5072,78.26,80,50,13.02
334,Qaqortoq,GL,2021-04-06 21:17:45,60.7167,-46.0333,35.6,87,75,2.3
335,Avera,US,2021-04-06 21:17:46,33.194,-82.5271,82.4,24,1,3.44
336,Guerrero Negro,MX,2021-04-06 21:17:46,27.9769,-114.0611,71.46,49,98,18.84
337,Ossora,RU,2021-04-06 21:17:46,59.2353,163.0719,12.94,92,100,4.29
338,Yamada,JP,2021-04-06 21:17:47,39.4667,141.95,38.41,76,100,1.19
339,Manaure,CO,2021-04-06 21:17:47,11.7751,-72.4445,85.57,61,100,15.05
340,Puerto Ayacucho,VE,2021-04-06 21:17:47,5.6639,-67.6236,80.04,80,98,4.47
341,Tingi,TZ,2021-04-06 21:17:48,-11.3,35.0333,63.0,95,91,4.29
342,Chapais,CA,2021-04-06 21:17:48,49.7834,-74.8492,53.6,47,1,2.3
343,Umm Lajj,SA,2021-04-06 21:17:48,25.0213,37.2685,78.67,50,0,2.24
344,Skole,UA,2021-04-06 21:17:49,49.0372,23.5135,28.0,83,100,3.47
345,Nha Trang,VN,2021-04-06 21:17:49,12.25,109.1833,77.0,78,20,5.75
346,Khorixas,NA,2021-04-06 21:17:50,-20.3667,14.9667,77.79,35,51,8.39
347,Yemelyanovo,RU,2021-04-06 21:17:50,56.1681,92.6767,39.2,81,40,8.95
348,Baihar,IN,2021-04-06 21:17:50,22.1,80.55,79.47,16,0,3.69
349,Rio Grande,BR,2021-04-06 21:17:51,-32.035,-52.0986,78.8,73,40,11.5
350,Ostrovnoy,RU,2021-04-06 21:17:51,68.0531,39.5131,31.19,86,100,17.16
351,Olafsvik,IS,2021-04-06 21:17:51,64.8945,-23.7142,28.04,67,73,5.48
352,Carbonia,IT,2021-04-06 21:17:51,39.1672,8.5222,54.0,87,20,14.97
353,Yushu,CN,2021-04-06 21:17:52,44.8,126.5333,28.38,32,0,5.17
354,Kemijarvi,FI,2021-04-06 21:17:52,66.7131,27.4306,28.13,94,38,7.52
355,Yining,CN,2021-04-06 21:17:52,29.0361,114.5636,58.05,98,100,2.44
356,Kamennogorsk,RU,2021-04-06 21:17:53,60.9545,29.1339,33.01,93,81,1.99
357,Kharitonovo,RU,2021-04-06 21:17:53,61.4009,47.4978,34.83,92,56,11.1
358,Ukiah,US,2021-04-06 21:17:54,39.1502,-123.2078,75.99,33,1,10.36
359,Shimoda,JP,2021-04-06 21:17:54,34.6667,138.95,48.99,80,74,6.58
360,Worthington,US,2021-04-06 21:17:54,40.0931,-83.018,78.01,31,1,16.11
361,Chuy,UY,2021-04-06 21:17:55,-33.6971,-53.4616,70.41,79,10,7.83
362,Havelock,US,2021-04-06 21:17:55,34.8791,-76.9013,82.4,23,1,10.36
363,Peace River,CA,2021-04-06 21:13:06,56.2501,-117.286,46.4,46,75,12.66
364,Urucara,BR,2021-04-06 21:17:55,-2.5364,-57.76,82.69,80,91,1.72
365,Eaglesfield,GB,2021-04-06 21:17:56,54.6406,-3.4044,28.99,74,4,11.7
366,Malanje,AO,2021-04-06 21:17:56,-9.5402,16.341,65.05,92,92,2.82
367,Blagoyevo,RU,2021-04-06 21:17:56,63.3667,47.9167,36.88,87,80,11.77
368,Geraldton,AU,2021-04-06 21:17:57,-28.7667,114.6,68.0,83,36,5.75
369,Samarai,PG,2021-04-06 21:17:57,-10.6167,150.6667,82.13,78,93,10.89
370,Qujing,CN,2021-04-06 21:17:57,25.4833,103.7833,50.0,98,90,1.01
371,Sonoita,MX,2021-04-06 21:17:58,31.85,-112.8333,88.0,12,99,13.42
372,Dakar,SN,2021-04-06 21:13:45,14.6937,-17.4441,71.6,73,0,11.5
373,Juba,SS,2021-04-06 21:17:58,4.8517,31.5825,77.9,54,100,1.19
374,Carson City,US,2021-04-06 21:15:14,39.1638,-119.7674,66.0,14,1,9.22
375,Verguleasa,RO,2021-04-06 21:17:59,44.65,24.3167,42.01,75,0,8.05
376,Kalaleh,IR,2021-04-06 21:16:53,37.3807,55.4916,55.4,88,90,6.91
377,Ilhabela,BR,2021-04-06 21:14:42,-23.7781,-45.3581,73.33,85,100,8.19
378,Tashla,RU,2021-04-06 21:17:59,51.7716,52.7427,34.14,99,100,11.83
379,Road Town,VG,2021-04-06 21:13:11,18.4167,-64.6167,80.6,61,20,5.75
380,Casino,AU,2021-04-06 21:18:00,-28.8667,153.05,68.0,94,100,8.05
381,Mahasamund,IN,2021-04-06 21:18:00,21.1,82.1,79.63,14,0,5.3
382,Mareeba,AU,2021-04-06 21:18:00,-17.0,145.4333,73.99,94,99,4.0
383,Adre,TD,2021-04-06 21:18:01,13.4667,22.2,81.64,11,0,8.3
384,Wuchi,CN,2021-04-06 21:18:01,29.3786,103.023,43.68,94,100,2.17
385,Moose Factory,CA,2021-04-06 21:18:01,51.2585,-80.6094,41.0,81,90,3.44
386,Alexandria,EG,2021-04-06 21:18:02,31.2156,29.9553,66.2,82,0,2.3
387,Chapleau,CA,2021-04-06 21:18:02,47.8405,-83.4034,59.0,67,75,6.91
388,Sitka,US,2021-04-06 21:18:02,57.0531,-135.33,33.8,93,90,6.93
389,Wasilla,US,2021-04-06 21:17:05,61.5814,-149.4394,26.01,36,1,4.61
390,Iguape,BR,2021-04-06 21:18:03,-24.7081,-47.5553,72.27,88,100,12.06
391,Isiro,CD,2021-04-06 21:18:03,2.7739,27.616,66.38,96,64,1.72
392,Whitehorse,CA,2021-04-06 21:18:03,60.7161,-135.0538,19.99,53,90,9.22
393,Victor Harbor,AU,2021-04-06 21:18:04,-35.5667,138.6167,62.01,100,0,4.27
394,Half Moon Bay,US,2021-04-06 21:18:04,37.4636,-122.4286,64.99,76,90,8.77
395,Palmer,US,2021-04-06 21:18:04,42.1584,-72.3287,66.2,26,20,10.36
396,Sanchor,IN,2021-04-06 21:18:05,24.7553,71.7722,77.02,65,0,9.33
397,Bonthe,SL,2021-04-06 21:18:05,7.5264,-12.505,80.31,82,23,3.62
398,Saint-Francois,FR,2021-04-06 21:18:05,46.4154,3.9054,37.4,48,0,6.91
399,Slave Lake,CA,2021-04-06 21:18:06,55.2834,-114.769,46.4,42,90,1.25
400,Usak,TR,2021-04-06 21:18:06,38.5,29.4167,52.45,43,1,10.27
401,Garissa,KE,2021-04-06 21:18:06,-0.4536,39.6401,81.91,72,20,15.99
402,Jaguey Grande,CU,2021-04-06 21:18:07,22.5269,-81.1286,78.8,57,40,14.97
403,Otane,NZ,2021-04-06 21:18:07,-39.8833,176.6333,63.0,77,2,3.0
404,Antofagasta,CL,2021-04-06 21:18:07,-23.65,-70.4,72.0,77,40,14.97
405,Marystown,CA,2021-04-06 21:13:12,47.1666,-55.1483,40.53,96,100,12.35
406,Lugovoy,KZ,2021-04-06 21:18:08,42.9472,72.7644,42.3,78,0,1.79
407,Vila Velha,BR,2021-04-06 21:15:03,-20.3297,-40.2925,81.0,73,20,9.22
408,Arlit,NE,2021-04-06 21:18:08,18.7369,7.3853,84.69,5,3,5.19
409,Capreol,CA,2021-04-06 21:18:09,46.706,-80.9225,50.0,57,90,6.91
410,Teguise,ES,2021-04-06 21:18:03,29.0605,-13.564,64.4,68,20,9.22
411,Beaverlodge,CA,2021-04-06 21:18:09,55.2166,-119.4361,42.8,61,75,18.41
412,Naze,JP,2021-04-06 21:16:35,28.3667,129.4833,61.75,56,2,20.56
413,Bunbury,AU,2021-04-06 21:18:09,-33.3333,115.6333,59.0,90,98,5.44
414,Kaitangata,NZ,2021-04-06 21:18:10,-46.2817,169.8464,57.99,76,100,8.99
415,Dhenkanal,IN,2021-04-06 21:18:10,20.6667,85.6,78.8,94,1,9.22
416,Ankang,CN,2021-04-06 21:18:10,32.68,109.0172,54.55,93,100,1.72
417,Filadelfia,US,2021-04-06 21:15:10,39.9523,-75.1638,72.0,16,40,11.5
418,Kenitra,MA,2021-04-06 21:18:11,34.261,-6.5802,60.8,94,75,5.75
419,Nouadhibou,MR,2021-04-06 21:18:11,20.931,-17.0347,66.2,77,0,14.97
420,Hokitika,NZ,2021-04-06 21:18:11,-42.7167,170.9667,56.55,73,8,3.31
421,Mulanje,MW,2021-04-06 21:18:12,-16.0316,35.5,63.75,92,26,8.01
422,Carutapera,BR,2021-04-06 21:18:12,-1.195,-46.02,79.14,79,73,8.34
423,Cam Ranh,VN,2021-04-06 21:18:12,11.9214,109.1591,77.0,78,20,5.75
424,Mirabad,AF,2021-04-06 21:18:13,30.4362,61.8383,68.29,12,0,8.12
425,Safford,US,2021-04-06 21:18:13,32.834,-109.7076,84.2,8,1,23.02
426,Tucumcari,US,2021-04-06 21:18:13,35.1717,-103.725,84.2,7,1,29.93
427,Sekoma,BW,2021-04-06 21:18:14,-24.4,23.8833,72.14,49,93,9.17
428,Marigot,MF,2021-04-06 21:18:14,18.0667,-63.0833,80.6,74,20,8.05
429,Felipe Carrillo Puerto,MX,2021-04-06 21:18:14,19.5833,-88.05,82.96,50,100,6.98
430,Nanakuli,US,2021-04-06 21:18:15,21.3906,-158.1547,80.6,44,20,12.66
431,Dovolnoye,RU,2021-04-06 21:18:15,54.4958,79.6671,23.34,97,22,7.83
432,Banjar,ID,2021-04-06 21:18:15,-8.19,114.9675,78.8,89,75,19.57
433,Luoyang,CN,2021-04-06 21:18:16,34.6836,112.4536,54.14,56,100,1.66
434,Along,IN,2021-04-06 21:18:16,28.1667,94.7667,62.58,55,22,1.99
435,Erenhot,CN,2021-04-06 21:18:16,43.6475,111.9767,39.63,43,8,6.58
436,Taltal,CL,2021-04-06 21:18:17,-25.4,-70.4833,70.36,72,29,7.47
437,Ahipara,NZ,2021-04-06 21:18:17,-35.1667,173.1667,64.8,73,100,8.43
438,Pimentel,PE,2021-04-06 21:18:17,-6.8367,-79.9342,78.8,61,0,19.57
439,San-Pedro,CI,2021-04-06 21:18:18,4.7485,-6.6363,80.02,87,47,4.9
440,Oistins,BB,2021-04-06 21:18:18,13.0667,-59.5333,82.4,57,40,14.97
441,Nuevo Laredo,MX,2021-04-06 21:18:18,27.4763,-99.5164,93.2,29,1,16.11
442,San Ramon,US,2021-04-06 21:14:44,37.7799,-121.978,71.01,45,1,5.61
443,Nishihara,JP,2021-04-06 21:18:19,26.1842,127.7558,66.2,72,20,11.5
444,Hovtashen,AM,2021-04-06 21:18:19,40.0251,44.4513,51.8,54,20,5.75
445,Cartagena,CO,2021-04-06 21:17:16,10.3997,-75.5144,87.8,70,75,12.66
446,Kieta,PG,2021-04-06 21:18:20,-6.2167,155.6333,79.92,83,100,0.98
447,Saint-Leu,RE,2021-04-06 21:18:20,-21.15,55.2833,78.8,69,0,5.75
448,Choszczno,PL,2021-04-06 21:18:20,53.169,15.4205,35.01,80,95,4.0
449,San Cristobal,VE,2021-04-06 21:18:20,7.7669,-72.225,87.8,48,40,11.5
450,Xining,CN,2021-04-06 21:18:21,36.6167,101.7667,36.59,76,100,3.02
451,Rameswaram,IN,2021-04-06 21:18:21,9.2833,79.3,81.91,73,66,17.69
452,Viedma,AR,2021-04-06 21:18:21,-40.8135,-62.9967,81.57,41,100,20.09
453,Boende,CD,2021-04-06 21:18:22,-0.2167,20.8667,71.78,95,85,1.57
454,Yumen,CN,2021-04-06 21:18:22,40.2833,97.2,43.03,50,0,9.95
455,Reyes,BO,2021-04-06 21:18:22,-14.3167,-67.3833,89.6,66,40,3.42
456,Bone,DE,2021-04-06 21:18:23,51.9669,12.1396,35.01,83,100,5.01
457,Northam,GB,2021-04-06 21:18:23,51.0333,-4.2167,39.99,73,66,11.99
458,Warrington,GB,2021-04-06 21:18:23,53.3925,-2.5802,34.0,82,21,6.76
459,Brockville,CA,2021-04-06 21:18:00,44.5834,-75.6826,60.8,16,1,6.91
460,Lamar,US,2021-04-06 21:18:24,33.6668,-95.5836,78.01,61,90,21.85
461,Lorengau,PG,2021-04-06 21:18:25,-2.0226,147.2712,81.72,76,87,7.45
462,Axim,GH,2021-04-06 21:15:01,4.8699,-2.2405,80.58,85,9,9.1
463,Saint-Pierre,RE,2021-04-06 21:18:25,-21.3393,55.4781,78.8,69,0,5.75
464,Constitucion,CL,2021-04-06 21:18:26,-35.3333,-72.4167,62.74,70,96,6.33
465,Waingapu,ID,2021-04-06 21:18:26,-9.6567,120.2641,77.02,85,99,4.36
466,Pisco,PE,2021-04-06 21:18:26,-13.7,-76.2167,77.0,65,0,20.71
467,Lucapa,AO,2021-04-06 21:18:27,-8.4192,20.7447,67.08,92,80,2.19
468,Kuytun,RU,2021-04-06 21:18:27,54.3419,101.5036,30.54,99,100,4.36
469,Husavik,IS,2021-04-06 21:18:27,66.0449,-17.3389,15.8,62,0,3.44
470,Corowa,AU,2021-04-06 21:18:27,-36.0333,146.3833,55.99,93,2,6.38
471,Taoudenni,ML,2021-04-06 21:18:28,22.6783,-3.9836,85.6,11,0,9.08
472,Warrnambool,AU,2021-04-06 21:17:13,-38.3833,142.4833,46.99,95,7,4.74
473,Potosi,BO,2021-04-06 21:18:28,-19.5836,-65.7531,52.11,48,94,7.02
474,Tibu,CO,2021-04-06 21:18:29,8.639,-72.7358,90.61,55,75,2.68
475,Myitkyina,MM,2021-04-06 21:18:14,25.3833,97.4,65.44,93,72,1.83
476,Eyl,SO,2021-04-06 21:18:29,7.9803,49.8164,77.36,60,83,11.77
477,Pangai,TO,2021-04-06 21:18:29,-19.8,-174.35,80.6,69,20,4.61
478,Kargopol,RU,2021-04-06 21:18:30,61.5071,38.9456,29.8,93,86,7.14
479,Mayumba,GA,2021-04-06 21:18:30,-3.432,10.6554,78.51,91,99,5.08
480,Bandarban,BD,2021-04-06 21:18:30,22.1965,92.2262,68.54,97,15,2.82
481,Riberalta,BO,2021-04-06 21:18:31,-10.9833,-66.1,91.4,58,75,1.77
482,Sao Gabriel Da Cachoeira,BR,2021-04-06 21:18:31,-0.1303,-67.0892,79.7,93,55,1.59
483,Gaurnadi,BD,2021-04-06 21:18:31,22.9667,90.2333,74.32,79,0,5.77
484,Dwarka,IN,2021-04-06 21:18:32,22.2394,68.9678,79.99,76,0,12.57
485,Caucaia,BR,2021-04-06 21:18:32,-3.7361,-38.6531,82.99,83,0,10.36
486,Gamba,GA,2021-04-06 21:18:32,-2.65,10.0,77.65,90,97,4.29
487,Saint Anthony,US,2021-04-06 21:18:33,45.0205,-93.218,69.8,63,90,6.91
488,Mecca,SA,2021-04-06 21:15:34,21.4267,39.8261,80.71,43,1,3.78
489,Lata,PT,2021-04-06 21:18:33,40.1629,-8.3327,57.0,94,44,1.1
490,Berlevag,NO,2021-04-06 21:18:33,70.8578,29.0864,32.0,69,0,20.71
491,Bajil,YE,2021-04-06 21:18:34,15.0584,43.2851,82.44,56,11,4.59
492,Bardiyah,LY,2021-04-06 21:18:34,31.7561,25.0865,60.19,84,55,14.61
493,Togul,RU,2021-04-06 21:18:34,53.465,85.9128,33.3,99,100,3.74
494,Novaya Igirma,RU,2021-04-06 21:18:35,57.1334,103.9112,27.23,98,95,3.8
495,Padang,ID,2021-04-06 21:18:35,-0.9492,100.3543,75.2,94,20,3.44
496,Nacogdoches,US,2021-04-06 21:16:02,31.6002,-94.6335,82.0,54,75,16.11
497,Pirmasens,DE,2021-04-06 21:18:35,49.2015,7.6053,34.0,80,40,13.8
498,Riyadh,SA,2021-04-06 21:17:53,24.6877,46.7219,75.2,15,0,3.44
499,Balagansk,RU,2021-04-06 21:18:36,54.0103,103.0544,30.49,98,100,3.02
500,Bell Ville,AR,2021-04-06 21:18:36,-32.6259,-62.6887,82.0,56,8,15.01
501,Erdenet,MN,2021-04-06 21:18:37,49.0333,104.0833,34.65,55,35,1.32
502,Acarau,BR,2021-04-06 21:18:37,-2.8856,-40.12,80.85,77,100,13.94
503,Sorong,ID,2021-04-06 21:18:37,-0.8833,131.25,79.9,80,97,0.98
504,Kafanchan,NG,2021-04-06 21:18:38,9.5833,8.3,82.71,27,89,1.77
505,Merrill,US,2021-04-06 21:16:00,45.1805,-89.6835,78.8,41,40,8.05
506,Kumukh,RU,2021-04-06 21:18:38,42.1704,47.1161,42.06,75,18,7.81
507,Quatre Cocos,MU,2021-04-06 21:18:38,-20.2078,57.7625,77.0,94,40,6.91
508,Yulara,AU,2021-04-06 21:18:39,-25.2406,130.9889,62.6,55,1,5.75
509,Comodoro Rivadavia,AR,2021-04-06 21:18:39,-45.8667,-67.5,68.0,64,20,9.22
510,Cozumel,MX,2021-04-06 21:16:26,20.5083,-86.9458,80.6,61,90,12.66
511,Nipawin,CA,2021-04-06 21:18:39,53.3668,-104.0009,53.6,35,1,9.22
512,Tugaya,PH,2021-04-06 21:18:40,7.8828,124.174,67.08,94,100,2.3
513,Carauari,BR,2021-04-06 21:18:40,-4.8828,-66.8958,81.34,91,100,1.99
514,Kangaatsiaq,GL,2021-04-06 21:18:40,68.3065,-53.4641,16.43,76,87,5.88
515,Noyabrsk,RU,2021-04-06 21:18:41,63.1994,75.4507,31.53,99,100,4.07
516,Marawi,PH,2021-04-06 21:18:41,7.9986,124.2928,75.99,88,100,4.0
517,Dorverden,DE,2021-04-06 21:18:41,52.85,9.2333,33.8,86,20,12.66
518,Muriti,TZ,2021-04-06 21:18:42,-1.9833,32.9167,69.85,85,100,11.14
519,Lagoa,PT,2021-04-06 21:18:42,39.05,-27.9833,60.04,83,100,9.48
520,Semnan,IR,2021-04-06 21:18:42,35.5729,53.3971,62.82,25,0,3.11
521,Cap Malheureux,MU,2021-04-06 21:18:43,-19.9842,57.6142,77.0,94,40,6.91
522,Teguldet,RU,2021-04-06 21:18:43,57.3064,88.1667,32.9,89,100,9.15
523,Cambrai,FR,2021-04-06 21:18:43,50.1667,3.4167,33.01,79,77,3.0
524,Korla,CN,2021-04-06 21:18:44,41.7597,86.1469,54.68,27,100,9.1
525,Manbij,SY,2021-04-06 21:18:44,36.5281,37.9549,55.4,67,0,6.91
526,San Jose,US,2021-04-06 21:16:25,37.3394,-121.895,72.0,48,20,5.75
527,Yangjiang,CN,2021-04-06 21:18:44,21.85,111.9667,72.12,86,61,6.31
528,Ajdabiya,LY,2021-04-06 21:18:45,30.7554,20.2263,61.18,76,0,12.21
529,Black River,JM,2021-04-06 21:18:45,18.0264,-77.8487,82.0,74,20,21.85
530,Ust-Abakan,RU,2021-04-06 21:18:45,53.8525,91.3742,37.4,75,0,2.24
531,Flinders,AU,2021-04-06 21:18:46,-34.5833,150.8552,64.99,93,44,4.88
532,Sarkand,KZ,2021-04-06 21:18:46,45.41,79.9186,41.79,68,100,3.27
533,Tvoroyri,FO,2021-04-06 21:18:46,61.5556,-6.8111,28.4,69,75,18.41
534,Kirakira,SB,2021-04-06 21:18:47,-10.4544,161.9205,79.79,86,81,12.21
535,Camapua,BR,2021-04-06 21:18:47,-19.5314,-54.0439,86.2,37,74,7.29
536,Port-Gentil,GA,2021-04-06 21:18:47,-0.7193,8.7815,77.0,94,75,2.3
537,Ca Mau,VN,2021-04-06 21:18:47,9.1769,105.15,78.64,77,88,5.7
538,Tocopilla,CL,2021-04-06 21:18:48,-22.092,-70.1979,72.95,73,22,15.48
539,Santa Rosa,PH,2021-04-06 21:18:48,14.3122,121.1114,82.0,73,20,8.93
540,Saurimo,AO,2021-04-06 21:18:48,-9.6608,20.3916,66.42,91,100,0.74
541,Fairbanks,US,2021-04-06 21:16:45,64.8378,-147.7164,12.0,61,20,1.79
542,Muzhi,RU,2021-04-06 21:18:49,65.3667,64.6667,8.1,98,29,2.71
543,Gumla,IN,2021-04-06 21:18:49,23.05,84.55,73.13,21,0,3.02
544,Santa Marta,CO,2021-04-06 21:18:50,11.2408,-74.199,87.8,70,75,3.44
545,Kununurra,AU,2021-04-06 21:18:50,-15.7667,128.7333,71.6,100,40,3.11
546,Huilong,CN,2021-04-06 21:18:50,31.8111,121.655,55.99,76,100,1.01
547,Cockburn Town,TC,2021-04-06 21:18:51,21.4612,-71.1419,74.25,67,100,17.98
548,Eydhafushi,MV,2021-04-06 21:18:51,5.1033,73.0708,83.71,66,100,6.15
549,Bayanday,RU,2021-04-06 21:18:51,53.0661,105.5139,25.03,94,42,1.95
550,Skovorodino,RU,2021-04-06 21:18:51,53.9833,123.9167,1.9,92,4,3.74
551,Jinxiang,CN,2021-04-06 21:18:52,27.4327,120.6062,54.59,80,56,5.88
552,Emmett,US,2021-04-06 21:18:52,43.8735,-116.4993,61.0,32,0,5.01
553,Sinnamary,GF,2021-04-06 21:18:53,5.3833,-52.95,79.66,81,82,10.69
554,Bathsheba,BB,2021-04-06 21:18:53,13.2167,-59.5167,82.4,57,40,14.97
555,Deli Tua,ID,2021-04-06 21:18:53,3.5078,98.6839,77.0,100,40,2.86
556,Verkhnyaya Inta,RU,2021-04-06 21:18:54,65.9811,60.3094,25.47,83,74,6.85
557,Kearney,US,2021-04-06 21:15:18,40.6995,-99.0815,77.0,53,75,24.16
558,Xai-Xai,MZ,2021-04-06 21:15:15,-25.0519,33.6442,69.42,75,0,4.99
559,Markivka,UA,2021-04-06 21:18:54,49.5229,39.5705,41.18,73,5,7.38
560,San Quintin,MX,2021-04-06 21:18:55,30.4833,-115.95,66.15,62,87,19.06
561,Carahue,CL,2021-04-06 21:18:55,-38.7,-73.1667,64.4,77,75,6.91
562,Novominskaya,RU,2021-04-06 21:18:55,46.3163,38.9586,46.9,88,90,8.19
563,Astoria,US,2021-04-06 21:15:05,46.1879,-123.8313,55.99,62,1,11.5
564,Barroquinha,BR,2021-04-06 21:18:56,-3.0189,-41.1361,79.07,80,100,7.16
565,Omsukchan,RU,2021-04-06 21:18:56,62.5333,155.8,6.28,93,100,2.3
566,Imbituba,BR,2021-04-06 21:18:08,-28.24,-48.6703,73.4,73,75,4.61
567,Bergen,NO,2021-04-06 21:18:57,60.392,5.328,37.4,87,75,3.44
568,Beringovskiy,RU,2021-04-06 21:18:57,63.05,179.3167,-3.03,84,12,7.0
569,Nehe,CN,2021-04-06 21:18:57,48.4833,124.8333,23.77,37,0,7.05
570,Nabire,ID,2021-04-06 21:18:58,-3.3667,135.4833,76.69,92,99,2.95
571,Sile,TR,2021-04-06 21:18:58,41.1754,29.6133,55.4,76,0,6.91
572,Xinmin,CN,2021-04-06 21:18:58,41.9908,122.8253,41.0,26,0,11.18
573,San Carlos De Bariloche,AR,2021-04-06 21:14:17,-41.1456,-71.3082,59.0,55,75,17.27
574,Aswan,EG,2021-04-06 21:18:59,24.0934,32.907,81.61,9,0,8.66
575,Batagay-Alyta,RU,2021-04-06 21:18:59,67.8006,130.4114,-27.22,97,15,5.53
